State,Median income
United States,"59,039"
Alabama,"47,221"
Alaska,"75,723"
Arizona,"57,100"
Arkansas,"45,907"
California,"66,637"
Colorado,"70,566"
Connecticut,"75,923"
Delaware,"58,046"
D.C.,"70,982"
Florida,"51,176"
Georgia,"53,527"
Hawaii,"72,133"
Idaho,"56,564"
Illinois,"61,386"
Indiana,"56,094"
Iowa,"59,094"
Kansas,"56,810"
Kentucky,"45,369"
Louisiana,"42,196"
Maine,"50,856"
Maryland,"73,760"
Massachusetts,"72,266"
Michigan,"57,091"
Minnesota,"70,218"
Mississippi,"41,099"
Missouri,"55,016"
Montana,"57,075"
Nebraska,"59,374"
Nevada,"55,431"
New Hampshire,"76,260"
New Jersey,"68,468"
New Mexico,"48,451"
New York,"61,437"
North Carolina,"53,764"
North Dakota,"60,184"
Ohio,"53,985"
Oklahoma,"50,943"
Oregon,"59,135"
Pennsylvania,"60,979"
Rhode Island,"61,528"
South Carolina,"54,336"
South Dakota,"57,450"
Tennessee,"51,344"
Texas,"58,146"
Utah,"67,481"
Vermont,"60,837"
Virginia,"66,451"
Washington,"70,310"
West Virginia,"44,354"
Wisconsin,"59,817"
Wyoming,"57,829"